729070,99999,INUKJUAK,CA,,58.450000,-78.117000,5,19730101,19770630
943840,99999,SEVENTEEN SEVENTY,AS,,-24.150000,151.883000,47,19641231,20180618
716280,99999,OTTAWA MACDONALD CARTIER INTL,CA,CYOW,45.323000,-75.669000,114,19500101,20180619
720732,99999,MUSTANG ISLAND A85A,US,TX KMZG,27.733000,-96.183000,9,20100513,20180619
870520,99999,ROSARIO DE LA FRO &,AR,,-25.783000,-64.983000,779,19730102,19781031
722125,4829,SAGNAW CO H.W. BROWNE ARPT,US,MI KHYX,43.433000,-83.867000,182.9,20060101,20180620
911860,22534,MOLOKAI AIRPORT,US,HI PHMK,21.155000,-157.096000,135,20060101,20180620
930110,99999,KAITAIA AERODROME,NZ,NZKT,-35.067000,173.283000,82,19570101,19860614
712780,99999,VERMILLION AGDM  ALTA,CA,CXVM,53.333000,-110.867000,623,20040824,20180619
703855,25369,KAKE AIRPORT,US,AK PAFE,56.967000,-133.900000,52.4,20060101,20180620
127560,99999,SZECSENY,HU,,48.117000,19.517000,153,20010705,20180619
102910,99999,ANGERMUENDE,GM,,53.033000,14.000000,55,19570101,20071231
726425,4841,SHEBOYGAN CO MEMO AIRPORT,US,WI KSBM,43.769000,-87.851000,227.4,20060101,20180620
717820,99999,SPARWOOD CS  BC,CA,CWGW,49.750000,-114.883000,1138,19950423,20180619
766015,99999,ZAPOPAN,MX,MMZP,20.756000,-103.465000,1625.5,19960331,20160526
722657,23041,BIG SPRING,US,TX KHCA,32.233000,-101.500000,783.9,19730101,19741130
167150,99999,TATOI,GR,LGTT,38.109000,23.784000,239.3,19660804,20180619
722131,3713,JOHNSTON COUNTY AIRPORT,US,NC KJNX,35.541000,-78.390000,50.3,20060101,20180620
513340,99999,JINGHE,CH,,44.567000,82.817000,330.2,19560820,20180619
726357,94815,KLMAZO/BTL CREEK INTL ARPT,US,MI KAZO,42.235000,-85.552000,264.6,20060101,20180620
163450,99999,MONTE SCURO,IT,,39.333000,16.400000,1677,20061024,20120531
720726,99999,GALVESTON 424,US,TX KGVX,28.577000,-94.977000,0,20100504,20160304
544230,99999,CHENGDE,CH,,40.967000,117.917000,423,19560820,20180619
722119,12883,LAKELAND LINDER REGIONAL AIRP,US,FL KLAL,28.000000,-82.050000,43.3,20060101,20180620
166500,99999,LIMNOS,GR,LGLM,39.917000,25.236000,4.3,19491001,20180619
134520,99999,DUBROVNIK-CILIPI,HR,,42.567000,18.267000,161,19730101,20030106
592110,99999,BAISE,CH,,23.900000,106.600000,177,19560820,20180619
878140,99999,PASO DE INDIOS,AR,SAVP,-43.817000,-68.883000,460,19730921,20140823
846910,99999,PISCO INTL,PE,SPSO,-13.745000,-76.220000,11.9,19350415,20180619
162000,99999,PIANOSA ISLAND,IT,,42.583000,10.100000,15,19650201,19791220
726419,94929,JOHN F KENNEDY MEMO ARPT,US,WI KASX,46.549000,-90.919000,251.8,20060101,20180620
725110,14751,HARRISBURG CAPITAL CITY ARPT,US,PA KCXY,40.217000,-76.851000,105.8,19730101,19850531
725104,4843,PORT MEADVILLE AIRPORT,US,PA KGKJ,41.626000,-80.215000,426.7,20060101,20180620
712970,99999,HAMILTON RBG CS  ONT,CA,CXHM,43.283000,-79.900000,102,20040803,20180619
723575,3950,LAWTON-FORT SILL RGNL ARPT,US,OK KLAW,34.558000,-98.417000,325.8,20050101,20180620
728420,99999,SIOUX LOOKOUT ARPT,CA,,50.117000,-91.900000,390,19730101,19770630
740950,99999,POND INLET AIRPORT,CA,,72.667000,-78.000000,59,19750109,19770630
727075,99999,INVERNESS (MARS),CA,,46.233000,-61.300000,41,19730101,19770630
946910,99999,BROKEN HILL AIRPORT AWS,AS,,-32.000000,141.467000,282,19900401,20180619
911690,99999,WAIALEE  OAHU   HAWAII,US,,21.683000,-158.033000,10,19411002,20000229
723213,99999,PUERTO ESCONDIDO,US,,,,,19860507,19880531
161290,99999,PALMARIA ISLAND,IT,LIQP,44.033000,9.833000,192,19730101,20180619
946723,99999,ADELAIDE,AS,APAD,-34.950000,138.533000,6,19570101,19900919
712025,99999,WEST VAN CYPRESS,CA,,49.350000,-123.183000,161,19930112,19950414
865850,99999,PRADO,UY,,-34.850000,-56.200000,16,19310102,20180619
726380,94814,ROSCOMMON COUNTY AIRPORT,US,MI KHTL,44.359000,-84.674000,350.8,19730101,20180620
720929,316,CUMERLAND MUNICIPAL AIRPORT,US,WI KUBE,45.506000,-91.981000,378.3,20151208,20180620
719170,99999,EUREKA,CA,CWEU,79.983000,-85.933000,10,19470501,20180619
113160,99999,PITZTALER GLETSCHER,AU,,46.933000,10.883000,2843,20070226,20180516
727920,24227,OLYMPIA AIRPORT,US,WA KOLM,46.973000,-122.903000,57.3,19730101,20180620
145440,99999,BUGOJNO,BK,,44.067000,17.467000,566,19981012,20180619
578250,99999,MA-JIANG,CH,,26.500000,107.583000,726,19450310,20100424
749021,99999,STIRLING ONTARIO DOT,CA,CYQC,44.316000,-77.633000,139,19570101,19590101
722680,23009,ROSWELL INTERNATIONAL AIR CEN,US,NM KROW,33.308000,-104.508000,1112.2,19420713,20180620
702550,26514,SKWENTNA AIRPORT,US,AK PASW,61.977000,-151.217000,45.7,19730101,20161001
167193,99999,DIONYSIOS SOLOMOS,GR,LGZA,37.751000,20.884000,4.6,19910902,20180619
727934,94248,RENTON MUNICIPAL AIRPORT,US,WA KRNT,47.493000,-122.214000,8.8,20060101,20180620
710140,99999,DELBURNE AGCM,CA,,52.183000,-113.183000,889,20080401,20180619
153550,99999,FAUREI/=694514 KQYB,RO,,45.067000,27.233000,53,19730721,20041018
997378,99999,CAPERS MID-SHELF (CAP 3),US,,32.520000,-79.340000,3,20050517,20080428
726394,4874,LUCE COUNTY AIRPORT,US,MI KERY,46.311000,-85.457000,281.3,20060101,20180620
719164,99999,CHESTERFIELD INLET&,CA,CYCS,63.333000,-90.717000,6,19570101,19970309
992200,99999,SE PAPA - 600NM WEST OF EUREK,US,,40.800000,-137.480000,0,19780201,20180406
714440,99999,WASAGAMING  MAN,CA,CWWP,50.650000,-99.933000,627,19910920,20180619
725845,23225,BLUE CANYON - NYACK ARPT,US,CA KBLU,39.277000,-120.710000,1608.1,19730101,20180620
539230,99999,XIFENGZHEN,CH,,35.733000,107.633000,1423,19560820,20180619
720915,99999,E CAMERON 47JP,US,LA KCMB,29.433000,-92.983000,29,20101101,20120803
711510,99999,KENORA RCS,CA,,49.783000,-94.367000,413,19940103,20180619
104420,99999,ALFELF,GM,,51.967000,9.800000,66,20071105,20080111
683700,99999,BETHAL,SF,,-26.467000,29.450000,838,19730101,20160229
156400,99999,SLIVEN *,BU,,42.667000,26.333000,257,19530305,20180619
371775,99999,KOPITNARI,GG,UGKO,42.177000,42.483000,68,20050524,20180619
715010,99999,HERSCHEL ISLAND  YT,CA,CWJN,69.567000,-138.917000,1,19861016,20170922
932920,99999,GISBORNE,NZ,NZGS,-38.663000,177.978000,4.6,19490101,20180619
945570,99999,JIMNA FORESTRY,AS,,-26.667000,152.467000,517,20010701,20170307
332880,99999,KAMENKA-BUGSKAYA,UP,,50.100000,24.350000,228,19590101,20010124
718534,99999,PINAWA (AUTO8),CA,,50.183000,-96.817000,268,19881223,19910611
718520,99999,WINNIPEG INTL,CA,CYWG,49.910000,-97.240000,238.7,19550702,20180619
426310,99999,NALIYA,IN,,23.250000,68.850000,21,19730101,20180619
948040,99999,NEPTUNE ISLAND,AS,,-35.333000,136.117000,32,19611231,20180619
957160,99999,GOULBURN AIRPORT AWS,AS,,-34.817000,149.733000,641,19900201,20180619
116030,99999,LIBEREC,EZ,,50.767000,15.017000,401.5,19370302,20180619
717175,99999,BAS CARAQUET,CA,CWXS,47.800000,-64.833000,5,19930724,19950605
997344,99999,TOLEDO LIGHT 2,US,OH,41.820000,-83.180000,188,20050322,20180425
837680,99999,LONDRINA,BR,SBLO,-23.334000,-51.130000,569.1,19730101,20180619
541610,99999,LONGJIA,CH,ZYCC,43.996000,125.681000,215.2,19560820,20180619
726627,94037,BUFFALO,US,SD K2WX,45.604000,-103.546000,915.6,19990101,20180620
997813,99999,SW BERING SEA,US,AK,55.000000,175.283000,3,20070401,20170320
163120,99999,GIOIA DEL COLLE,IT,LIBV,40.768000,16.933000,361.8,19440229,20180619
945955,99999,GOVE,AS,YPGV,-12.269000,136.818000,58.5,20040706,20180619
724030,93738,WASHINGTON DULLES INTERNATION,US,VA KIAD,38.935000,-77.447000,88.4,19730101,20180620
939450,99999,CAMBELL ISLAND AWS,NZ,,-52.550000,169.167000,19,19910725,20170621
167420,99999,KOS,GR,LGKO,36.793000,27.092000,125.6,19821001,20180619
724756,23159,BRYCE CANYON AIRPORT,US,UT KBCE,37.706000,-112.146000,2312.2,19730101,20180620
593030,99999,SONG-LIN-BA,CH,,23.967000,115.967000,152,19570601,20021209
624030,99999,SOUTH OF VALLEY UNIVERSITY,EG,,26.200000,32.750000,96,20040510,20180419
726155,54736,LACONIA MUNICIPAL AIRPORT,US,NH KLCI,43.567000,-71.433000,166.1,20060101,20180620
722333,3069,SAGUACHE MUNICIPAL AIRPORT,US,CO K04V,38.097000,-106.169000,2385.4,20060101,20180620
724024,93739,WALLOPS ISLAND UAU,US,VA KWAL,37.937000,-75.471000,14.6,19791231,19910228
713850,99999,ILE BICQUETTE  QUE,CA,CWQO,48.400000,-68.883000,7,19940103,20180619
946290,99999,KATANNING COMPARISON,AS,,-33.683000,117.550000,311,19570101,20120822
729500,99999,SMITHERS AIRPORT,CA,,54.817000,-127.183000,523,19730101,19770630
154940,99999,BECHET,RO,,43.783000,23.950000,40,19740315,20180619
718905,99999,BALLENAS IL AUTO8 &,CA,,49.350000,-124.167000,0,19770701,19950414
741870,99999,BAIE COMEAU AIRPORT,CA,,49.133000,-68.200000,53,19730101,19770630
576080,99999,XUYONG/YONGNING,CH,,28.217000,105.433000,366,19591209,20100424
727505,4929,FOSSTON MUNICIPAL AIRPORT,US,MN KFSE,47.593000,-95.775000,389.2,20060101,20180617
716900,99999,TEEPEE CREEK AGCM,CA,CPTC,55.350000,-118.400000,670,20080721,20180619
728150,99999,STEPHENVILLE ARPT,CA,,48.533000,-58.550000,26,19730101,19770730
584570,99999,XIAOSHAN,CH,ZSHC,30.228000,120.432000,7,19451022,20180619
942960,99999,LIHOU REEF,AS,,-17.117000,152.000000,9,19730101,20130214
836993,99999,MACAE,BR,,-22.333000,-41.767000,3,19900207,20110423
725474,4915,CRESTON MUNICIPAL AIRPORT,US,IA KCSQ,41.007000,-94.363000,394.4,20060101,20180620
725460,14933,DES MOINES INTERNATIONAL AIRP,US,IA KDSM,41.534000,-93.653000,291.7,19730101,20180620
938000,99999,SECRETARY ISLAND AWS,NZ,,-45.217000,166.883000,19,19940901,20180619
723011,13748,WILMINGTON NEW HANOVER COUNTY,US,NC KILM,34.268000,-77.900000,11.6,19730101,19900228
997185,99999,CENTRAL LONG ISLAND SOUND,US,,41.140000,-72.660000,0,20050201,20180425
720518,449,FORT BRIDGER AIRPORT,US,WY KFBR,41.393000,-110.406000,2145.5,20130801,20180620
768560,99999,PUERTO ANGEL  OAX.,MX,,15.667000,-96.500000,-999.9,19750816,20180619
114380,99999,TUSIMICE,EZ,,50.383000,13.333000,326.2,19780608,20180619
172005,99999,TOPEL,TU,LTBQ,40.735000,30.083000,55.5,19770323,20180619
954870,99999,BALLERA GAS FIELD,AS,,-27.417000,141.817000,115,20030330,20180619
722469,53912,CAMPBELL FLD-CORSICANA MU,US,TX KCRS,32.031000,-96.399000,136.6,20060101,20180620
725306,14855,GLENVIEW NAS,US,IL KNBU,42.083000,-87.833000,199,19730101,19950301
825910,99999,DIX SEPT ROSADO,BR,SBMS,-5.202000,-37.364000,23.5,19730101,20180619
714130,99999,SPONDIN AGCM,CA,,51.817000,-111.683000,804,19820102,20180619
720295,53972,HILLSBORO MUNICIPAL ARPT,US,TX KINJ,32.084000,-97.097000,208.8,20060101,20180620
746110,3182,BICYCLE LAKE FORT IRWIN AAF,US,CA KBYS,35.283000,-116.633000,75.6,20130101,20180620
944450,99999,LAVERTON/YAMARNA,AS,,-28.150000,123.650000,442,19720101,19980322
153020,99999,PREDEAL,RO,,45.500000,25.583000,1093,19340703,20180619
710356,99999,EKATI,CA,CYOA,64.700000,-110.617000,469,19990114,20180619
740561,99999,DAWSON CREEK      &,CA,,55.750000,-120.183000,655,19730101,19770630
876390,99999,BOLIVAR,AR,SAZI,-36.187000,-61.076000,93.9,19730101,20151206
710430,99999,NORMAN WELLS,CA,CYVQ,65.282000,-126.798000,72.5,19430319,20180619
172950,99999,DALAMAN,TU,LTBS,36.713000,28.793000,6.1,19860624,20180619
682620,99999,PRETORIA(MET),SF,FAPR,-25.733000,28.183000,1322,19490101,20180426
724795,99999,DELTA,US,UT KU24,39.330000,-112.580000,1414,19730101,20121001
377890,99999,YEREVAN-ARABKIR,GG,UGEE,40.212000,44.530000,1013.4,19320101,20031122
171295,99999,GUVERCINLIK,TU,,39.933000,32.733000,842,19940806,20180524
108030,99999,FREIBURG (CIV/FAFB),GM,,48.000000,7.850000,269,19570101,20071231
690230,24255,WHIDBEY ISLAND NAS,US,WA KNUW,48.350000,-122.667000,14.3,19891201,20090602
726196,14610,MILLINOCKET MUNICIPAL ARPT,US,ME KMLT,45.648000,-68.693000,123.8,19430301,20180620
578720,99999,HENGYANG,CH,,26.933000,112.583000,98,19430831,20100424
700637,27406,DEADHORSE AIRPORT,US,AK PASC,70.192000,-148.477000,18.6,19730101,20180620
720281,53969,WILBARGER CO,US,TX KF05,34.226000,-99.284000,385.6,20060101,20171231
719400,99999,GRANDE PRAIRIE,CA,CYQU,55.180000,-118.885000,669,19550702,20180619
702746,26497,BIRCHWOOD AIRPORT,US,AK PABV,61.416000,-149.507000,29.3,20060101,20180620
765905,99999,CANCUN INTL,MX,,21.017000,-86.867000,5,19730721,19940630
723788,53135,LAUGHLIN/BULLHEAD INTERNATION,US,AZ KIFP,35.157000,-114.559000,211.8,20060101,20180620
718736,99999,DRUMHELLER EAST,CA,,51.433000,-112.667000,678,19910801,20101231
711074,99999,HOSKINS INLET(MAPS),CA,WZK,52.533000,-131.550000,8,19790131,19950501
546180,99999,POTOU,CH,,38.083000,116.550000,13,19971201,20180619
161910,99999,FALCONARA,IT,LIPY,43.616000,13.362000,14.9,19450414,20180619
109460,99999,KEMPTEN/DURACH,GM,,47.717000,10.333000,705,19730101,20071231
948530,99999,SOUTH CHANNEL IS.,AS,,-38.300000,144.800000,5,19781215,20020724
724971,99999,CHICO MUNICIPAL   &,US,CA,39.783000,-121.850000,73,19760305,19900219
998261,99999,JUNEAU,US,AK,58.298000,-134.412000,3,20090507,20180425
112040,99999,LIENZ,AU,,46.833000,12.817000,666,19380401,20180619
945000,99999,CUNNAMULLA POST OFFICE,AS,,-28.067000,145.683000,197,19570101,20180618
747540,13934,ALEXANDRIA INT,US,LA KAEX,31.317000,-92.550000,27,19430901,19991231
152470,99999,TRAIAN VUIA,RO,LRTR,45.810000,21.338000,106.1,19520101,20180619
570340,99999,QIAN-XIAN,CH,,34.533000,108.233000,335,19620302,20020712
100450,99999,KIEL/KRONSHAGEN,GM,,54.333000,10.100000,19,19730101,19900301
715560,99999,LAST MOUNTAIN CS,CA,CWXG,51.417000,-105.250000,497,20010916,20180619
941500,99999,GOVE AIRPORT,AS,YDGV,-12.283000,136.817000,53,19851201,20180619
992980,99999,TAIL OF THE BANK,CA,,43.750000,-51.740000,3,19870624,20131022
872860,99999,CURUZU CUATIA,AR,SATU,-29.771000,-57.979000,70.1,19730101,20100916
745431,3998,TRI-CITY AIRPORT,US,KS KPPF,37.328000,-95.504000,264.9,20060101,20180620
711060,94234,TOFINO AIRPORT,CA,BC CYAZ,49.083000,-125.767000,24,19581202,20180619
720322,4129,SANDPOINT AIRPORT,US,ID KSZT,48.299000,-116.560000,648.3,20060101,20180620
716690,99999,PEKISKO,CA,CNPK,50.367000,-114.417000,1415,20050524,20180619
729460,99999,FORT SIMPSON ARPT,CA,,61.750000,-121.233000,177,19730101,19770630
154820,99999,CALAFAT,RO,,43.983000,22.950000,63,19730105,20180619
171450,99999,EDREMIT KORFEZ,TU,LTFD,39.555000,27.014000,15.2,19990211,20180619
713930,99999,CALGARY INTL CS,CA,,51.100000,-114.000000,1081,20040921,20180619
722535,12909,LACKLAND AIR FORCE BASE (KELL,US,TX KSKF,29.383000,-98.583000,210.3,19370707,20180620
505640,99999,SUNWU,CH,,49.433000,127.350000,235,19560820,20180619
722253,53992,MOREHOUSE MEMORIAL AIRPORT,US,LA KBQP,32.756000,-91.881000,50.9,20061018,20180620
712390,99999,CYORESS RIVER RCS,CA,,49.550000,-99.067000,374,19931015,20180619
726035,99999,MOUNT DESSERT (CGS),US,ME,43.967000,-68.133000,1,19750911,19800911
155280,99999,PLEVEN,BU,,43.400000,24.600000,160,20010915,20180430
433480,99999,ATIRAMAPATTINAM,IN,,10.333000,79.383000,6,20030727,20180619
175150,99999,LEFKOSA,CY,,35.200000,33.350000,131,20050323,20180619
711855,99999,FEROLLE PT. (MAPS),CA,,51.017000,-57.100000,8,19860301,20101231
167540,99999,NIKOS KAZANTZAKIS,GR,LGIR,35.340000,25.180000,35.1,19321101,20180619
724636,3013,LAMAR MUNICIPAL AIRPORT,US,CO KLAA,38.070000,-102.688000,1129,20060101,20180620
722247,54785,SOMERSET AIRPORT,US,NJ KSMQ,40.624000,-74.669000,32,20060101,20180620
545270,99999,TIANJIN,CH,,39.100000,117.167000,5,19560820,20180619
131060,99999,NOVA GORICA,SI,,45.950000,13.650000,102,19830210,19960208
727459,94964,ELY MUNICIPAL AIRPORT,US,MN KELO,47.817000,-91.833000,443.8,20060101,20180620
425590,99999,GUNA,IN,,24.650000,77.317000,478,19440101,20180619
721028,99999,MIDDLEBURY STATE AIRPORT,US,VT,43.985000,-73.095000,149.4,20120227,20180619
725266,4751,BRADFORD REGIONAL AIRPORT,US,PA KBFD,41.800000,-78.633000,652.9,19730101,20180620
746925,3741,WARREN FIELD AIRPORT,US,NC KOCW,35.570000,-77.050000,11.6,20060101,20180620
768400,99999,ARRIAGA  CHIS.,MX,,16.233000,-93.900000,48,19730404,20180619
723171,53144,EDWARDS AF AUX NORTH,US,CA K9L2,34.988000,-117.865000,694.3,20060101,20180620
725500,14942,EPPLEY AIRFIELD AIRPORT,US,NE KOMA,41.310000,-95.899000,299.3,19740419,20180620
723165,63821,WILKES COUNTY AIRPORT,US,NC KUKF,36.223000,-81.098000,396.2,20060101,20180620
725514,3757,WEBSTER NAVAL OUTLYING FIELD,US,MD KNUI,38.142000,-76.429000,6.4,20060822,20180620
935450,99999,NELSON AERODROME,NZ,,-41.300000,173.217000,7,19730101,19940427
728030,99999,GANDER INTL AIRPORT,CA,,48.950000,-54.567000,150,19730101,19770815
716860,99999,DEASE LAKE,CA,CYDL,58.417000,-130.033000,802.8,20050724,20180619
997797,99999,POINT RETREAT,US,AK,58.400000,-134.950000,32,20070116,20180425
827040,99999,CRUZEIRO DO SUL,BR,SBCZ,-7.600000,-72.769000,194.2,19740201,20180619
721014,99999,DELTA (MAX),US,ND,47.795000,-101.299000,631.6,20121031,20180606
995180,99999,PLATFORM NO. 62141,US,,60.380000,1.050000,0,19890814,20180425
875060,99999,MALARGUE,AR,SAMM,-35.494000,-69.574000,1430.1,19390202,20180619
151970,99999,BARLAD,RO,,46.233000,27.650000,173,19660102,20180619
931150,99999,AUCKLAND,NZ,,-36.850000,174.767000,44,19570101,19570930
129820,99999,SZEGED (AUT),HU,LHUD,46.250000,20.100000,83,19360101,20180619
956120,99999,GINGIN AERO,AS,,-31.467000,115.867000,75,19980301,20180619
723830,23187,SANDBERG,US,CA KSDB,34.744000,-118.724000,1374.7,19730101,20180620
702626,99999,PILOT POINT,US,AK PAPN,57.580000,-157.580000,17,20061024,20180619
161680,99999,MOUNT ARGENTARIO,IT,LIQO,42.383000,11.167000,632,19730101,20180619
113570,99999,ST. WOLFGANG,AU,,47.733000,13.450000,537,19900601,20180619
719560,99999,GORE BAY CLIMATE,CA,CTZE,45.883000,-82.567000,188,19770701,20180619
726790,99999,,US,,,,,19730101,19760305
165380,99999,FONNI,IT,LIEN,40.117000,9.250000,1029,19730301,20161015
724839,93225,SACRAMENTO INTL AIRPORT,US,CA KSMF,38.696000,-121.590000,7,19730101,20180620
722290,3881,NWS METEOROLOGICAL OBSY,US,AL KCKL,32.900000,-87.250000,138.1,19760325,20041231
108150,99999,FREUDENSTADT,GM,,48.450000,8.417000,797,19730101,20071231
722284,3892,ABRN-OPLKA R G PITTS ARPT,US,AL KAUO,32.616000,-85.433000,236.5,20060101,20180620
720493,54758,NEWPORT AP,US,VT KEFK,44.883000,-72.233000,278.9,20150531,20180620
711896,99999,MINGAN,CA,,50.283000,-64.150000,22,19430101,19831205
105460,99999,KALTENNORDHEIM(AUT),GM,,50.633000,10.150000,494,19570101,19921231
746716,93808,BOW GRN-WARREN CO. RGNL AP,US,KY KBWG,36.965000,-86.424000,160.9,19730101,20180620
583380,99999,WUHUXIAN,CH,,31.150000,118.583000,16,19860101,20180619
710550,99999,COLVILLE LAKE  NWT,CA,CWFX,67.021000,-126.123000,259,19930701,20180619
155257,99999,BALCHICK AB,BU,LBWB,43.417000,28.183000,201,20080722,20180619
719574,99999,FORT MCPHERSON,CA,CZFM,67.408000,-134.861000,35.4,19781205,20180619
153140,99999,RESITA,RO,,45.300000,21.917000,286,19830401,20180619
686240,99999,FRASERBURG,SF,FAFR,-31.917000,21.517000,1268,19730101,20180619
714050,99999,SHONTS AGCM,CA,,53.333000,-112.533000,679,19860101,20180619
992610,99999,W HAWAII 205 NM SOUTHWEST OF,US,,19.160000,-160.740000,0,19780821,20180425
744667,99999,RAY S MILLER AAF,US,MN KRYM,46.091000,-94.361000,350.5,20120713,20180619
711100,99999,ST LAWRENCE,CA,CADS,46.917000,-55.383000,49,19570101,20180619
998473,99999,LOUISIANA OFFSHORE OIL PORT,US,LA,28.885000,-90.024000,40.5,20110831,20180425
336990,99999,PERVOMAIS'K,UP,,48.050000,30.850000,103,19590101,20160602
941460,99999,ELCHO ISLAND,AS,,-12.033000,135.567000,30,19611231,20050228
156010,99999,KUSTENDIL,BU,,42.267000,22.767000,527,19660503,20180430
683310,99999,KATHU,SF,,-27.667000,23.000000,1186,19980301,20180619
715400,99999,HESPERO AGCM,CA,,52.300000,-114.483000,965,20080721,20180619
998315,99999,BUOY 41048 / W. BERMUDA,US,,31.978000,-69.649000,3,20130206,20180425
945160,99999,SAINT GEORGE,AS,,-28.033000,148.583000,201,19611231,20030119
718130,99999,NATASHQUAN A,CA,CMNT,50.183000,-61.800000,11,19550702,20180619
112120,99999,VILLACHERALPE,AU,,46.600000,13.667000,2160,19650526,20180619
140100,99999,LESCE,SI,,46.367000,14.183000,515,19960101,20180619
683304,99999,LOUIS TRICHARDT AFB,SF,,-23.150000,29.683000,959,19900328,20081024
422200,99999,PASIGHAT,IN,,28.100000,95.383000,157,19740403,20180619
953070,99999,KARRATHA AERO,AS,,-20.717000,116.767000,6,19941001,20180619
747805,63818,STATESBORO-BULLOCK CO ARPT,US,GA KTBR,32.483000,-81.737000,57,20060101,20180620
720646,228,HALF MOON BAY AIRPORT,US,CA KHAF,37.513000,-122.501000,20.1,20130101,20180620
722051,12841,ATOKA MUNI,US,OK KORL,28.545000,-81.333000,34.1,19730101,19900206
724420,13997,ROLLA NATIONAL AIRPORT,US,MO KVIH,38.132000,-91.765000,338.3,20100801,20180620
723429,53920,MUNICIPAL AIRPORT,US,AR KRUE,35.258000,-93.095000,122.8,20060101,20180620
512880,99999,BAYTIK SHAN,CH,,45.367000,90.533000,1651,19591209,20180619
725058,94793,BLOCK ISLAND STATE AIRPORT,US,RI KBID,41.168000,-71.578000,32,19900101,20180620
720120,63837,HILTON HEAD AIRPORT,US,SC KHXD,32.217000,-80.700000,7.3,20060101,20180620
726545,94950,MITCHELL MUNICIPAL AIRPORT,US,SD KMHE,43.774000,-98.038000,395.9,20060101,20180620
717940,99999,HUGHENDEN AGCM,CA,,52.567000,-110.783000,703,20080721,20180619
729676,99999,HAINES JUNCTION,CA,,60.767000,-137.583000,599,19740101,19770630
942380,99999,TENNANT CREEK AIRPORT,AS,YDTC,-19.633000,134.183000,377,19690724,20180619
727883,24220,BOWERS FIELD AIRPORT,US,WA KELN,47.034000,-120.530000,538.3,19880106,20180620
548230,99999,JINAN/TSINAN,CH,ZSTN,36.683000,116.983000,58,19560820,20180619
749182,99999,JUDITH GAP,US,MT,46.700000,-109.750000,1416,19440715,19451101
601850,99999,SAFI,MO,GMMS,32.283000,-9.233000,45,19490404,20180619
150850,99999,BISTRITA,RO,,47.150000,24.517000,367,19660102,20180619
171120,99999,CANAKKALE,TU,LTBH,40.138000,26.427000,7,19630101,20180619
764010,99999,PUERTO CORTES,MX,,22.467000,-111.533000,5,19490212,20121002
722045,12843,VERO BEACH MUNI,US,FL KVRB,27.653000,-80.243000,8.5,19730101,20100801
911900,22516,KAHULUI AIRPORT,US,HI PHOG,20.900000,-156.429000,15.5,19730101,20180620
946680,99999,KIMBA,AS,,-33.150000,136.417000,263,19900201,20180618
822460,99999,BELTERRA,BR,,-2.633000,-54.950000,176,19740610,20180619
720652,433,BRIDGEPORT SONORA JUNCTION,US,CA KBAN,38.356000,-119.519000,2057.1,20130110,20180620
726223,94725,MASSENA INTL/RCHARDS FD AP,US,NY KMSS,44.936000,-74.846000,65.2,19900301,20180620
729110,99999,SHEPHERD BAY ARPT,CA,,68.817000,-93.433000,51,19730608,19770630
946870,99999,RENMARK,AS,,-34.167000,140.750000,21,19570511,20020630
741290,99999,KINDERSLEY ARPT   &,CA,,51.467000,-109.167000,683,19730101,19770630
576490,99999,QIAN-ZHOU-ZHEN,CH,,28.267000,109.683000,560,19600101,20100424
747187,3104,DESERT RESORTS RGNL ARPT,US,CA KTRM,33.627000,-116.159000,-36,19430712,20180620
728540,99999,RED LAKE AIRPORT,CA,,51.067000,-93.817000,380,19730101,19770630
102680,99999,WAREN,GM,,53.517000,12.667000,71,19941001,20121231
712810,99999,GRENADIER ISLAND  ONT,CA,CWGH,44.417000,-75.850000,82,19941201,20140611
118800,99999,DUDINCE,LO,,48.167000,18.867000,140,19780308,20180619
723415,3962,MEMORIAL FIELD AIRPORT,US,AR KHOT,34.290000,-93.060000,163.1,20060101,20180620
725064,54769,PLYMOUTH MUNICIPAL AIRPORT,US,MA KPYM,41.910000,-70.729000,45.4,20060101,20180620
723401,13963,LITTLE ROCK ADAMS FIELD,US,AR KLIT,34.727000,-92.239000,78.3,19750101,19900228
130140,99999,LJUBLJANA/BRNIK,SI,,46.217000,14.483000,385,19730101,20070805
725070,14765,THEODORE F GREEN STATE AIRPOR,US,RI KPVD,41.723000,-71.433000,16.8,19420801,20180620
726579,94963,FLYING CLOUD AIRPORT,US,MN KFCM,44.832000,-93.471000,276.5,20060101,20180620
162160,99999,VITERBO,IT,LIRV,42.430000,12.064000,301.8,19440701,20180619
725716,99999,RIFLE AVIATION WEATHER REPORT,US,CO,39.530000,-107.800000,1622,19730101,19960630
722079,53888,DAVIDSON COUNTY AIRPORT,US,NC KEXX,35.781000,-80.304000,223.4,20060101,20180620
714520,99999,WEYBURN  SASK,CA,CWWF,49.700000,-103.800000,589,19900111,20180619
336210,99999,KOBELIAKY,UP,,49.150000,34.200000,118,19590101,20160614
722092,53941,GROVE MUNICIPAL AIRPORT,US,OK KGMJ,36.605000,-94.738000,253.9,20060101,20180620
992360,99999,GEORGES BANK 170 NM EAST OF H,US,,41.110000,-66.620000,0,19850312,20180325
944040,99999,PAYNES FIND,AS,,-29.267000,117.683000,340,19900201,20180619
749155,99999,RADAR BASE,US,TX,28.867000,-100.517000,70,19421008,19450515
710020,99999,CHURCHILL FALLS,CA,CZUM,53.567000,-64.100000,439.5,20080408,20180619
727854,94119,DEER PARK ARPT,US,WA KDEW,47.974000,-117.428000,672.4,20060101,20100801
332710,99999,BELOPOL'E,UP,,51.150000,34.333000,156,19590101,19890717
742000,99999,VICTORIA (AUTO8),CA,,48.417000,-123.317000,67,19730101,19770630
724385,4828,ANRSN MUNI DRNGTON FLD AP,US,IN KAID,40.117000,-85.617000,274.3,20060101,20180620
160950,99999,PADOVA,IT,LIPU,45.400000,11.850000,14,19730101,20180619
535230,99999,A-LU-CH'IH-LAO-KA,CH,,39.883000,108.000000,1372,19740613,20020910
726586,94948,FAIRMONT MUNICIPAL AIRPORT,US,MN KFRM,43.650000,-94.417000,353.9,20060101,20180620
727840,94187,HANFORD AIRPORT,US,WA KHMS,46.567000,-119.600000,223.1,20060101,20130326
716445,99999,FREDERICTON AQUATIC CENTRE C/,CA,CWZF,45.970000,-66.650000,8,20050524,20151104
719010,99999,BORDER (AUT),CA,CWTB,55.330000,-63.220000,479,19770701,20050723
699604,3145,YUMA MCAS,US,AZ KNYL,32.650000,-114.617000,64.9,19870701,20171231
722086,13758,CHARLESTON NAS,US,SC KNAO,32.850000,-79.950000,1,19730201,19800730
949570,99999,OUSE FIRE STATION,AS,YMWY,-42.483000,146.717000,91,19900201,20180619
566640,99999,LA-SHI,CH,,26.367000,101.217000,1210,19591209,20100424
720861,287,CROSBY MUNICIPAL AIRPORT,US,ND KD50,48.929000,-103.297000,594.1,20130101,20180620
858327,99999,DE LA INDEPENDENCIA,CI,SCRG,-34.167000,-70.783000,440.7,20100928,20170925
150105,99999,BAIA MARE/MAGHERUSI,RO,,47.667000,23.667000,152,19730621,19900127
722910,93116,SAN NICOLAS ISLAND NAVAL OUTL,US,CA KNSI,33.240000,-119.458000,153,19430616,20180620
948120,99999,ROBE,AS,,-37.167000,139.750000,4,19570101,20180619
749169,99999,PASADENA,US,CA,34.133000,-118.133000,231,19431115,19441011
112450,99999,BAD GLEICHENBERG,AU,,46.867000,15.900000,326,19390406,20030731
132780,99999,KRAGUJEVAC,RI,,44.033000,20.933000,185,20070228,20180619
718440,99999,BIG TROUT LAKE READAC,CA,,53.817000,-89.900000,222,19911201,20131212
718454,99999,PICKLE LAKE,CA,,51.433000,-90.217000,396,19921008,20101231
152060,99999,TEBEA,RO,,46.167000,22.726000,264,19730802,20180619
687360,99999,GRAAFF REINET,SF,FAGR,-32.194000,24.541000,793.7,19730102,20031201
945410,99999,INVERELL RESEARCH CENTRE,AS,,-29.783000,151.083000,664,19570101,20180619
715170,99999,BLOOD TRIBE AGDM  ALTA,CA,CPBT,49.567000,-113.050000,980,20040921,20180619
100040,99999,UFS TW/EMS (AUT),GM,,54.167000,6.350000,3,19590805,20071231
722904,3178,BROWN FIELD MUNICIPAL ARPT,US,CA KSDM,32.572000,-116.979000,157,20060101,20180620
941110,99999,PORT KEATS AWS AUT,AS,,-14.233000,129.450000,18,19730101,20020418
104540,99999,WERNIGERODE (AUT),GM,,51.850000,10.767000,240,19570101,20071231
711470,99999,CARMAN U OF M CS  MAN,CA,CWNK,49.500000,-98.033000,268,19961101,20180619
171860,99999,MANISA,TU,,38.617000,27.433000,71,19860624,20180619
713500,99999,HARRINGTON CDA CS  PEI,CA,CAHR,46.350000,-63.167000,53,20041005,20180619
995340,99999,NICKERSON BANK,CA,,46.440000,-53.390000,3,19880915,20170405
943060,99999,MARDIE,AS,,-21.183000,115.967000,12,19570101,20180619
718455,99999,PICKLE LAKE ARPT,CA,,51.450000,-90.200000,385.9,19900125,19910107
681710,99999,ALLDAYS,SF,,-22.683000,29.100000,839,19980301,20050516
432210,99999,ONGOLE,IN,,15.500000,80.083000,12,19730101,20180619
717000,99999,FREDERICTON,CA,CYFC,45.867000,-66.533000,20.7,19550702,20180619
874800,99999,ROSARIO,AR,SAAR,-32.904000,-60.785000,25.9,19390201,20180619
119276,99999,ZILINA,LO,LZZI,49.232000,18.614000,310.9,20040510,20180619
150110,99999,BOGUS ROMANIAN,RO,,,,,19850102,20020915
947560,99999,MURRURUNDI POST OFFICE,AS,,-31.767000,150.833000,466,19900201,20180618
703061,25521,IGIUGIG AIRPORT,US,AK PAIG,59.324000,-155.902000,27.4,20060101,20180620
858326,99999,QUELLON,CI,SCON,-43.117000,-73.633000,4,20100927,20171104
135950,99999,STRUMICA,MK,,41.433000,22.650000,224,20011113,20180619
711303,99999,NIPAWIN (AUTO8),CA,WBU,53.333000,-104.000000,373,19881224,19950605
718441,99999,CAPE PARRY,CA,,70.100000,-124.717000,87,20040510,20101014
878960,99999,PUERTO DESEADO,AR,SAWD,-47.735000,-65.904000,81.1,19390201,20180619
726587,94927,WORTHINGTON MUNICIPAL ARPT,US,MN KOTG,43.645000,-95.580000,478.5,20060101,20180620
592930,99999,HEYUAN,CH,,23.800000,114.733000,41,19560820,20180619
724390,93822,ABRAHAM LINCOLN CAPITAL AIRPO,US,IL KSPI,39.845000,-89.684000,181.1,19730101,20180620
742015,99999,SMITH ISLAND COAST GUARD LIGH,US,,48.320000,-122.850000,1,19750911,19860320
725930,23233,SALINAS MUNICIPAL AIRPORT,US,CA KSNS,36.664000,-121.608000,22.6,19410805,20180620
517090,99999,KASHI,CH,ZWSH,39.543000,76.020000,1380.4,19571004,20180619
107060,99999,THOLEY,GM,,49.483000,7.050000,398,19750618,20071231
722093,4878,GRAYLING ARMY AIRFIELD,US,MI KGOV,44.680000,-84.729000,350.2,20060101,20180620
712150,99999,OSOYOOS CS  BC,CA,CWYY,49.033000,-119.433000,283,19950423,20180619
505480,99999,XIAO'ERGOU,CH,,49.200000,123.717000,288,19570531,20180619
994710,99999,068: BAFFIN BAY; POINT OF ROC,US,TX,27.300000,-97.420000,0,20040608,20180425
823970,99999,FORTALEZA,BR,,-3.767000,-38.600000,26,19310104,20070925
346090,99999,KYRYLIVKA,UP,,47.333000,36.333000,221,19590101,20160614
724384,53842,EAGLE CREEK AIRPARK ARPT,US,IN KEYE,39.825000,-86.296000,250.9,20060101,20180620
151540,99999,VASLUI,RO,,46.650000,27.717000,117,19740316,20180619
959010,99999,MT BAW BAW,AS,,-37.833000,146.267000,1520,20010701,20180619
727855,24114,FAIRCHILD AIR FORCE BASE,US,WA KSKA,47.633000,-117.650000,750.1,19400401,20180620
103560,99999,UMMENDORF(AUT),GM,,52.167000,11.183000,163,19911025,20071231
726593,4946,JACKSON MUNICIPAL AIRPORT,US,MN KMJQ,43.650000,-94.986000,440.7,20060101,20180620
749154,99999,SOUTH POINT BEACH,US,HI,18.917000,-155.683000,12,19400129,19411223
990210,99999,DISCONTINUED 810622,CA,C7P,50.000000,-145.000000,0,19730101,19810624
726578,4944,LITL FALS/MRSON CO-LNBRG FIEL,US,MN KLXL,45.949000,-94.347000,342,20060101,20180620
723400,3952,NORTH LITTLE ROCK AIRPORT,US,AR KLZK,34.835000,-92.260000,171.6,20060101,20180427
948690,99999,DENILIQUIN POST OFF,AS,,-35.550000,144.933000,93,19630430,20030630
722078,53938,HALLIBURTON FIELD AIRPORT,US,OK KDUC,34.471000,-97.951000,339.2,20060101,20180620
725717,3016,GARFIELD CO REGIONAL ARPT,US,CO KRIL,39.528000,-107.720000,1683.1,20060101,20180620
727100,99999,,US,,,,,19730101,19740730
172400,99999,ISPARTA,TU,LTBM,37.785000,30.582000,990.6,19630101,20180619
710960,99999,BROUGHTON ISLAND,CA,CWVD,67.530000,-63.780000,584,19600402,20180619
725065,94726,NEW BEDFORD RGNL AIRPORT,US,MA KEWB,41.676000,-70.958000,24.4,20060101,20180620
846865,99999,ANDAHUAYLAS,PE,,-13.700000,-73.350000,3444,19741112,19940405
747186,3164,CAMPO,US,CA KCZZ,32.626000,-116.468000,805,20060101,20180620
582510,99999,DONGTAI,CH,,32.850000,120.283000,4,19560820,20180619
941850,99999,COEN CITY,AS,,-13.950000,143.200000,194,19570101,20020423
714290,99999,CAP D'ESPOIR  QUE,CA,CWRZ,48.417000,-64.317000,15,19850915,20180619
153380,99999,ORAVITA,RO,,45.033000,21.683000,310,19730108,20180619
749183,99999,FORT BENTON,US,MT,47.850000,-110.650000,880,19440226,19451101
726544,4958,ORR REGIONAL AIRPORT,US,MN KORB,48.016000,-92.856000,399.6,20060101,20180620
152920,99999,CARANSEBES,RO,LRCS,45.420000,22.253000,264,19650701,20180619
583140,99999,HUOSHAN,CH,,31.400000,116.333000,68,19560820,20180619
747810,13857,MOODY AFB AIRPORT,US,GA KVAD,30.967000,-83.200000,71,20060103,20180620
710790,99999,THOMPSON,CA,CYTH,55.801000,-97.864000,222.2,19671108,20180619
715830,99999,QAVVIK LAKE  NWT,CA,,68.250000,-122.100000,548,20010916,20110311
682580,99999,GOEDEHOOP,SF,,-24.233000,28.033000,1200,19730101,20180619
722044,53930,ADA MUNICIPAL AIRPORT,US,OK KADH,34.804000,-96.671000,309.7,20060101,20180620
722050,12815,ORLANDO INTERNATIONAL AIRPORT,US,FL KMCO,28.434000,-81.325000,27.4,19520507,20180620
948860,99999,POUND CREEK,AS,,-38.633000,145.811000,3.6,20071016,20180619
690190,13910,ABILENE DYESS AFB,US,TX KDYS,32.433000,-99.850000,545.3,19570101,20171231
720647,229,LAMPASAS AIRPORT,US,TX KLZZ,31.106000,-98.196000,370,20150529,20180620
747804,13824,HUNTER ARMY AIRFIELD,US,GA KSVN,32.017000,-81.133000,12.5,20060101,20180620
726550,14926,ST CLOUD REGIONAL AIRPORT,US,MN KSTC,45.543000,-94.051000,307.5,19730101,20180620
725059,14702,LAURENCE G HANSCOM FLD APT,US,MA KBED,42.470000,-71.289000,40.5,20060101,20180620
543370,99999,JINZHOU,CH,,41.133000,121.117000,70,19560820,20180619
724347,53904,ST CHARLES CO SMARTT ARPT,US,MO KSET,38.929000,-90.428000,132.9,20060101,20180620
146570,99999,NEUM,BK,,42.917000,17.600000,14,20080721,20180525
724810,23203,CASTLE AFB,US,CA KMER,37.383000,-120.567000,58.2,19420101,20180620
683463,99999,RAND,SF,FAGM,-26.243000,28.151000,1671.2,19870721,20180521
560740,99999,GA-HAI,CH,,34.200000,102.300000,3109,19890101,20031121
540490,99999,CHANGLING,CH,,44.250000,123.967000,190,19560820,20180619
688250,99999,LADISMITH,SF,,-33.500000,21.283000,538,20131210,20180619
589690,99999,589690,CH,,25.067000,121.533000,7,19730101,19900623
532760,99999,JURH,CH,,42.400000,112.900000,1152,19560820,20180619
338770,99999,NIZHNI SIROHOZY,UP,,46.850000,34.400000,53,19590101,20160602
958130,99999,KAROONDA,AS,,-35.083000,139.883000,72,20030401,20180618
947010,99999,HAY AWS,AS,,-34.533000,144.867000,90,19910101,20070902
429340,99999,AKOLA,IN,VAAK,20.699000,77.059000,304.5,19730101,20160517
717570,99999,BELLA BELLA,CA,,52.150000,-128.150000,43,20060702,20120207
728780,99999,RED DEER AIRPORT,CA,,52.183000,-113.900000,905,19730101,19770630
997741,99999,KEWAUNEE,US,WI,44.450000,-87.483000,178,20061024,20180425
997999,99999,GENEVA ON THE LAKE,US,OH,41.850000,-80.967000,186,20071016,20171212
569770,99999,JIANGCHENG,CH,,22.617000,101.817000,1121,19730101,20180619
741050,99999,PINE ISLAND (MAPS),CA,,50.000000,-127.417000,9,19730101,19770630
943510,99999,BLACKALL,AS,,-24.417000,145.467000,285,19570101,20020104
998314,99999,BUOY 41047 / NE BAHAMAS,US,,27.469000,-71.491000,3,20130206,20180425
154160,99999,STOLNICI,RO,,44.567000,24.800000,210,19730721,20180619
703263,99999,KING SALMON,US,AK,58.683000,-156.683000,17,19801002,19960630
106140,99999,RAMSTEIN AB,GM,ETAR,49.437000,7.600000,238.1,19520301,20180619
713070,99999,RIDGETOWN RCS  ONT,CA,CXRG,42.450000,-81.883000,206,20040510,20180619
693664,99999,COTTBUS DREWITZ,GM,EDCD,51.889000,14.532000,83.5,19810115,19901214
859212,99999,VINA DEL MAR,CI,SCVM,-32.950000,-71.479000,140.5,20091031,20180619
155256,99999,BEZMER AB,BU,LBIA,42.450000,26.350000,155,20080721,20180619
716120,99999,MCTAVISH  QUE,CA,CWTA,45.500000,-73.567000,73,19941201,20180619
720492,151,CALEDONIA COUNTY AIRPORT,US,VT KCDA,44.567000,-72.017000,362.1,20130101,20180620
959560,99999,LUNCHERON HILL FORESTRY,AS,,-41.150000,145.150000,340,19901210,20180619
722285,3896,GADSDEN MUNICIPAL AIRPORT,US,AL KGAD,33.967000,-86.083000,173.4,20060101,20180620
428710,99999,GONDIA,IN,,21.467000,80.200000,313,19730101,20180619
946440,99999,RED ROCKS POINT,AS,,-32.200000,127.533000,3,20010711,20180619
744666,53944,JACKSONVILLE MUNICIPAL AIRPOR,US,IL KIJX,39.780000,-90.238000,190.2,20060101,20180620
723825,23131,SOUTHERN CALIFORNIA LOGISTICS,US,CA KVCV,34.583000,-117.383000,879.4,19420101,20180620
712420,99999,LACOMBE CDA 2  ALTA,CA,CWQQ,52.450000,-113.750000,860,19930607,20180619
994260,99999,SABINE  TX,US,,29.670000,-94.050000,0.9,19850501,20180425
839280,99999,RUBEM BERTA,BR,SBUG,-29.782000,-57.038000,78,19310102,20180619
726785,24135,BERT MOONEY,US,MT KBTM,45.965000,-112.501000,1686.5,19770301,20100801
942140,99999,WYNDHAM,AS,,-15.483000,128.117000,16,19730101,20150109
719575,99999,AKLAVIK,CA,CYKD,68.223000,-135.006000,6.4,19340101,20180619
433330,99999,PORT BLAIR,IN,VEPB,11.667000,92.717000,79,19451101,20180619
728970,99999,MCINNES ISLAND,CA,,52.267000,-128.717000,25,19730101,19770630
726791,24135,BUTTE SILVER BOW CO ARPT,US,MT KBTM,45.965000,-112.501000,1686.5,19760305,19770227
338980,99999,TATARBUNARY,UP,,45.817000,29.583000,40,19590101,19891109
744672,4862,LOGAN COUNTY AIRPORT,US,IL KAAA,40.158000,-89.335000,182,20060101,20180620
702627,26561,RUBY  AIRPORT,US,AK PARY,64.727000,-155.470000,199,20061001,20180620
111400,99999,LOFER,AU,,47.583000,12.700000,629,19730724,20180619
166850,99999,KEFALLINIA,GR,LGKF,38.120000,20.500000,18,19651204,20180619
722291,470,PLATTSMOUTH MUNICIPAL AIRPORT,US,NE KPMV,40.948000,-95.917000,367.3,20150529,20180620
724838,93205,YUBA COUNTRY AIRPORT,US,CA KMYV,39.102000,-121.568000,18.9,20060101,20180620
749430,99999,AIDELAIDE RIVER SE,AS,,-13.300000,131.133000,131,19430228,19440821
602800,99999,GUELMIN,MO,GMAG,29.017000,-10.067000,341,19910918,20180619
746930,93737,SIMMONS AAF AIRPORT,US,NC KFBG,35.133000,-78.933000,74.4,19610701,20180620
725515,94947,BEATRICE MUNICIPAL AIRPORT,US,NE KBIE,40.301000,-96.754000,403.6,20060101,20180620
